FpML Index Name (floating rate+inflation index),FPML index alias in Moss,LCH Scenario Index Name,CME Scenario Index Name,CCP Scenario Index Name,,Traiana ScenarioFile Index  pool (LCH Dec. 2017),Currency,LCH Scenario Index Name,Default CCP Index
AUD-AONIA-OIS-COMPOUND, AUD-AONIA,AONIA,,,,AONIA,AUD,,
AUD-AONIA-OIS-COMPOUND-SwapMarker, AUD-AONIA,AONIA,,,,BBSW,,AONIA,
AUD-BBR-AUBBSW, AUD-BBSW,BBSW,,,,BKBM,,BBSW,BBSW
AUD-BBR-BBSW, AUD-BBSW,BBSW,,,,BUBOR,CAD,,
AUD-BBR-BBSW-Bloomberg, AUD-BBSW,BBSW,,,,CDOR,,CDOR,CDOR
AUD-BBR-BBSY (BID), AUD-BBSW,BBSW,,,,CIBOR,,CORRA,
AUD-BBR-ISDC, AUD-BBSW,BBSW,,,,CORRA,CHF,,
BRL-CDI, BRL-CDI,,,,,EONIA,,LIBOR,LIBOR
CAD-BA-CDOR, CAD-CDOR,CDOR,,,,EUR-EXT-CPI,,SARON,
CAD-BA-CDOR-Bloomberg, CAD-CDOR,CDOR,,,,EURIBOR,CZK,,
CAD-CORRA-OIS-COMPOUND, CAD-CORRA,CORRA,,,,FEDFUND,,PRIBOR,PRIBOR
CHF-LIBOR-BBA, CHF-LIBOR,LIBOR,,,,FRC-EXT-CPI,DKK,,
CHF-LIBOR-BBA-Bloomberg, CHF-LIBOR,LIBOR,,,,HIBOR,,CIBOR,CIBOR
CHF-LIBOR-ISDA, CHF-LIBOR,LIBOR,,,,JIBAR,EUR,,
CHF-LIBOR-Reference Banks, CHF-LIBOR,LIBOR,,,,LIBOR,,EONIA,
CHF-TOIS-OIS-COMPOUND, CHF-TOIS,LIBOR,,,,NIBOR,,EUR-EXT-CPI,
CZK-PRIBOR-PRBO, CZK-PRIBOR,PRIBOR,,,,PRIBOR,,EURIBOR,EURIBOR
CZK-PRIBOR-Reference Banks, CZK-PRIBOR,PRIBOR,,,,SARON,,FRC-EXT-CPI,
DKK-CIBOR-DKNA13, DKK-CIBOR,CIBOR,,,,SONIA,,STIR-FUT,
DKK-CIBOR-DKNA13-Bloomberg, DKK-CIBOR,CIBOR,,,,SOR,GBP,,
DKK-CIBOR-Reference Banks, DKK-CIBOR,CIBOR,,,,STIBOR,,LIBOR,LIBOR
DKK-CIBOR2-DKNA13, DKK-CIBOR,CIBOR,,,,STIR-FUT,,SONIA,
DKK-CIBOR2-Bloomberg, DKK-CIBOR,CIBOR,,,,TIIE,,STIR-FUT,
EUR-EONIA-OIS-COMPOUND, EUR-EONIA,EONIA,,,,TONA,,UK-RPI,
EUR-EONIA-OIS-COMPOUND-Bloomberg, EUR-EONIA,EONIA,,,,UK-RPI,HKD,,
EUR-EONIA-AVERAGE, EUR-EONIA,EONIA,,,,USA-CPI-U,,HIBOR,HIBOR
EUR-EONIA-OIS-10:00-BGCANTOR, EUR-EONIA,EONIA,,,,WIBOR,HUF,,
EUR-EONIA-OIS-10:00-ICAP, EUR-EONIA,EONIA,,,,,,BUBOR,BUBOR
EUR-EONIA-OIS-10:00-TRADITION, EUR-EONIA,EONIA,,,,,JPY,,
EUR-EONIA-OIS-11:00-ICAP, EUR-EONIA123,EONIA,,,,,,LIBOR,LIBOR
EUR-EONIA-OIS-4:15-TRADITION, EUR-EONIA,EONIA,,,,,,TONA,
EUR-EONIA-Swap-Index, EUR-EONIA,EONIA,,,,,MXN,,
EUR-EURIBOR-Act/365, EUR-EURIBOR,EURIBOR,,,,,,TIIE,TIIE
EUR-EURIBOR-Act/365-Bloomberg, EUR-EURIBOR,EURIBOR,,,,,NOK,,
EUR-EURIBOR-Reference Banks, EUR-EURIBOR,EURIBOR,,,,,,NIBOR,NIBOR
EUR-EURIBOR-Reuters, EUR-EURIBOR,EURIBOR,,,,,NZD,,
EUR-EURIBOR-Telerate, EUR-EURIBOR,EURIBOR,,,,,,BKBM,BKBM
EUR-LIBOR-BBA, EUR-LIBOR,LIBOR,,,,,PLN,,
EUR-LIBOR-BBA-Bloomberg, EUR-LIBOR,LIBOR,,,,,,WIBOR,WIBOR
EUR-LIBOR-Reference Banks, EUR-LIBOR,LIBOR,,,,,SEK,,
GBP-LIBOR-BBA, GBP-LIBOR,LIBOR,,,,,,STIBOR,STIBOR
GBP-LIBOR-BBA-Bloomberg, GBP-LIBOR,LIBOR,,,,,SGD,,
GBP-LIBOR-ISDA, GBP-LIBOR,LIBOR,,,,,,SOR,SOR
GBP-LIBOR-Reference Banks, GBP-LIBOR,LIBOR,,,,,USD,,
GBP-SONIA-OIS-11:00-ICAP, GBP-SONIA,SONIA,,,,,,FEDFUND,
GBP-SONIA-OIS-11:00-TRADITION, GBP-SONIA,SONIA,,,,,,LIBOR,LIBOR
GBP-SONIA-OIS-4:15-TRADITION, GBP-SONIA,SONIA,,,,,,USA-CPI-U,
HUF-BUBOR-Reference Banks, HUF-BUBOR,BUBOR,,,,,ZAR,,
HUF-BUBOR-Reuters, HUF-BUBOR,BUBOR,,,,,,JIBAR,JIBAR
JPY-LIBOR-BBA, JPY-LIBOR,LIBOR,,,,,,,
JPY-LIBOR-BBA-Bloomberg, JPY-LIBOR,LIBOR,,,,,INR,,
JPY-LIBOR-FRASETT, JPY-LIBOR,LIBOR,,,,,,,
JPY-LIBOR-ISDA, JPY-LIBOR,LIBOR,,,,,,,
JPY-LIBOR-Reference Banks, JPY-LIBOR,LIBOR,,,,,KRW,,
JPY-TIBOR-TIBM, JPY-TIBOR-JAPAN,LIBOR,,,,,,,
JPY-TIBOR-TIBM (5 Banks), JPY-TIBOR-JAPAN,LIBOR,,,,,,,
JPY-TIBOR-TIBM (10 Banks), JPY-TIBOR-JAPAN,LIBOR,,,,,,,
JPY-TIBOR-TIBM (All Banks), JPY-TIBOR-JAPAN,LIBOR,,,,,,,
JPY-TIBOR-TIBM (All Banks)-Bloomberg, JPY-TIBOR-JAPAN,LIBOR,,,,,,,
JPY-TIBOR-TIBM-Reference Banks, JPY-TIBOR-JAPAN,LIBOR,,,,,,,
JPY-TIBOR-17096, JPY-TIBOR-JAPAN,LIBOR,,,,,,,
JPY-TIBOR-17097, JPY-TIBOR-JAPAN,LIBOR,,,,,,,
JPY-TIBOR-ZTIBOR, JPY-TIBOR-JAPAN,LIBOR,,,,,,,
JPY-TIBOR-DTIBOR01, JPY-TIBOR-JAPAN,LIBOR,,,,,,,
JPY-TONA-OIS-COMPOUND, JPY-TONAR,TONA,,,,,,,
MXN-TIIE-Banxico, MXN-TIIE,TIIE,,,,,,,
MXN-TIIE-Banxico-Bloomberg, MXN-TIIE,TIIE,,,,,,,
MXN-TIIE-Banxico-Reference Banks, MXN-TIIE,TIIE,,,,,,,
NOK-NIBOR-NIBR, NOK-NIBOR,NIBOR,,,,,,,
NOK-NIBOR-NIBR-Reference Banks, NOK-NIBOR,NIBOR,,,,,,,
NOK-NIBOR-Reference Banks, NOK-NIBOR,NIBOR,,,,,,,
NOK-NIBOR-OIBOR, NOK-NIBOR,NIBOR,,,,,,,
PLN-POLONIA-OIS-COMPOUND, PLN-POLONIA,WIBOR,,,,,,,
PLN-WIBOR-Reference Banks, PLN-WIBOR,WIBOR,,,,,,,
PLN-WIBOR-WIBO, PLN-WIBOR,WIBOR,,,,,,,
SEK-SIOR-OIS-COMPOUND, SEK-SIOR,STIBOR,,,,,,,
SEK-STIBOR-Bloomberg, SEK-STIBOR,STIBOR,,,,,,,
SEK-STIBOR-Reference Banks, SEK-STIBOR,STIBOR,,,,,,,
SEK-STIBOR-SIDE, SEK-STIBOR,STIBOR,,,,,,,
USD-Federal Funds-H.15-OIS-COMPOUND, USD-FED-FUND,FEDFUND,,,,,,,
USD-Federal Funds-H.15, USD-FED-FUND-AVG,FEDFUND,,,,,,,
USD-Federal Funds-H.15-Bloomberg, USD-FED-FUND-AVG,FEDFUND,,,,,,,
USD-Federal Funds-Reference Dealers, USD-FED-FUND-AVG,FEDFUND,,,,,,,
USD-LIBOR-BBA, USD-LIBOR,LIBOR,,,,,,,
USD-LIBOR-BBA-Bloomberg, USD-LIBOR,LIBOR,,,,,,,
USD-LIBOR-ISDA, USD-LIBOR,LIBOR,,,,,,,
USD-LIBOR-LIBO, USD-LIBOR,LIBOR,,,,,,,
USD-LIBOR-Reference Banks, USD-LIBOR,LIBOR,,,,,,,
ZAR-JIBAR-Reference Banks, ZAR-JIBAR,JIBAR,,,,,,,
ZAR-JIBAR-SAFEX, ZAR-JIBAR,JIBAR,,,,,,,
AUD-LIBOR-BBA,AUD-BBSW,LIBOR,,,,,,,
AUD-LIBOR-BBA-Bloomberg,AUD-BBSW,LIBOR,,,,,,,
AUD-LIBOR-Reference Banks,AUD-BBSW,LIBOR,,,,,,,
EUR-EXT-CPI,EU-EXT-CPI,EUR-EXT-CPI,,,,,,,
FRC-HICP,FRC-HICP,FRC-EXT-CPI,,,,,,,
FRC-EXT-CPI,FR-EXT-CPI,FRC-EXT-CPI,,,,,,,
GBP-WMBA-SONIA-COMPOUND,GBP-SONIA,SONIA,,,,,,,
UK-RPI,GB-RPI,UK-RPI,,,,,,,
HKD-HIBOR-HKAB,HKD-HIBOR-HKAB,HIBOR,,,,,,,
INR-MIBOR-OIS-COMPOUND,INR-MIBOR,,,,,,,,
KRW-CD-KSDA-Bloomberg,KRW-CD-KSDA,,,,,,,,
PLZ-WIBOR-Reference Banks,PLN-WIBOR,WIBOR,,,,,,,
PLZ-WIBOR-WIBO,PLN-WIBOR,WIBOR,,,,,,,
SGD-SOR-VWAP,SGD-SOR-VWAP,SOR,,,,,,,
USA-CPI-U,US-CPI-U,USA-CPI-U,,,,,,,
CAD-REPO-CORRA,,CORRA,,,,,,,
EUR-EXT-R-CPI,,EUR-EXT-CPI,,,,,,,
EUR-3M EURIBOR SWAP-CME vs LCH-ICAP,,EURIBOR,,,,,,,
EUR-3M EURIBOR SWAP-CME vs LCH-ICAP-Bloomberg,,EURIBOR,,,,,,,
EUR-3M EURIBOR SWAP-EUREX vs LCH-ICAP,,EURIBOR,,,,,,,
EUR-3M EURIBOR SWAP-EUREX vs LCH-ICAP-Bloomberg,,EURIBOR,,,,,,,
EUR-6M EURIBOR SWAP-CME vs LCH-ICAP,,EURIBOR,,,,,,,
EUR-6M EURIBOR SWAP-CME vs LCH-ICAP-Bloomberg,,EURIBOR,,,,,,,
EUR-6M EURIBOR SWAP-EUREX vs LCH-ICAP,,EURIBOR,,,,,,,
EUR-6M EURIBOR SWAP-EUREX vs LCH-ICAP-Bloomberg,,EURIBOR,,,,,,,
EUR EURIBOR-Annual Bond Swap vs 1m-11:00-ICAP,,EURIBOR,,,,,,,
EUR EURIBOR-Basis Swap-1m vs 3m-Euribor-11:00-ICAP,,EURIBOR,,,,,,,
EUR EURIBOR-Basis Swap-3m vs 6m-11:00-ICAP,,EURIBOR,,,,,,,
EUR-ISDA-EURIBOR Swap Rate-11:00,,EURIBOR,,,,,,,
EUR-ISDA-EURIBOR Swap Rate-12:00,,EURIBOR,,,,,,,
CNH-HIBOR-Reference Banks,,HIBOR,,,,,,,
CNH-HIBOR-TMA,,HIBOR,,,,,,,
HKD-HIBOR-HIBOR,,HIBOR,,,,,,,
HKD-HIBOR-HIBOR-Bloomberg,,HIBOR,,,,,,,
HKD-HIBOR-HKAB-Bloomberg,,HIBOR,,,,,,,
HKD-HIBOR-ISDC,,HIBOR,,,,,,,
HKD-HIBOR-Reference Banks,,HIBOR,,,,,,,
CAD-LIBOR-BBA,,LIBOR,,,,,,,
CAD-LIBOR-BBA-Bloomberg,,LIBOR,,,,,,,
CAD-LIBOR-BBA-SwapMarker,,LIBOR,,,,,,,
CAD-LIBOR-Reference Banks,,LIBOR,,,,,,,
JPY-Quoting Banks-LIBOR,,LIBOR,,,,,,,
MYR-KLIBOR-BNM,,LIBOR,,,,,,,
MYR-KLIBOR-Reference Banks,,LIBOR,,,,,,,
USD-Municipal Swap Libor Ratio-11:00-ICAP,,LIBOR,,,,,,,
CHF-SARON-OIS-COMPOUND,,SARON,,,,,,,
IDR-SOR-Reference Banks,,SOR,,,,,,,
IDR-SOR-Reuters,,SOR,,,,,,,
IDR-SOR-Telerate,,SOR,,,,,,,
SGD-SOR-Reference Banks,,SOR,,,,,,,
SGD-SOR-Reuters,,SOR,,,,,,,
SGD-SOR-Telerate,,SOR,,,,,,,
SGD-SOR-VWAP-Reference Banks,,SOR,,,,,,,
THB-SOR-Reference Banks,,SOR,,,,,,,
THB-SOR-Reuters,,SOR,,,,,,,
THB-SOR-Telerate,,SOR,,,,,,,
DKK-DKKOIS-OIS-COMPOUND,,,,,,,,,
AED-EBOR-Reuters,,,,,,,,,
AUD-Quarterly Swap Rate-ICAP,,,,,,,,,
AUD-Quarterly Swap Rate-ICAP-Reference Banks,,,,,,,,,
AUD-Semi-Annual Swap Rate-11:00-BGCANTOR,,,,,,,,,
AUD-Semi-Annual Swap Rate-BGCANTOR-Reference Banks,,,,,,,,,
AUD-Semi-annual Swap Rate-ICAP,,,,,,,,,
AUD-Semi-Annual Swap Rate-ICAP-Reference Banks,,,,,,,,,
AUD-Swap Rate-Reuters,,,,,,,,,
CAD-BA-ISDD,,,,,,,,,
CAD-BA-Reference Banks,,,,,,,,,
CAD-BA-Reuters,,,,,,,,,
CAD-BA-Telerate,,,,,,,,,
CAD-ISDA-Swap Rate,,,,,,,,,
CAD-TBILL-ISDD,,,,,,,,,
CAD-TBILL-Reference Banks,,,,,,,,,
CAD-TBILL-Reuters,,,,,,,,,
CAD-TBILL-Telerate,,,,,,,,,
CHF-Annual Swap Rate,,,,,,,,,
CHF-Annual Swap Rate-11:00-ICAP,,,,,,,,,
CHF-Annual Swap Rate-Reference Banks,,,,,,,,,
CHF-ISDAFIX-Swap Rate,,,,,,,,,
CHF-OIS-11:00-ICAP,,,,,,,,,
CHF USD-Basis Swaps-11:00-ICAP,,,,,,,,,
CL-CLICP-Bloomberg,,,,,,,,,
CNY 7-Repo Compounding Date,,,,,,,,,
CNY-CNREPOFIX=CFXS-Reuters,,,,,,,,,
CNY-PBOCB-Reuters,,,,,,,,,
CNY-Quarterly 7 day Repo Non Deliverable Swap Rate-TRADITION,,,,,,,,,
CNY-Quarterly 7 day Repo Non Deliverable Swap Rate-TRADITION-Reference Banks,,,,,,,,,
CNY-Semi-Annual Swap Rate-11:00-BGCANTOR,,,,,,,,,
CNY-Semi-Annual Swap Rate-Reference Banks,,,,,,,,,
CNY-Shibor-OIS-Compounding,,,,,,,,,
CNY-SHIBOR-Reuters,,,,,,,,,
COP-IBR-OIS-COMPOUND,,,,,,,,,
CZK-Annual Swap Rate-11:00-BGCANTOR,,,,,,,,,
CZK-Annual Swap Rate-Reference Banks,,,,,,,,,
DKK-CITA-DKNA14-COMPOUND,,,,,,,,,
EUR-Annual Swap Rate-10:00,,,,,,,,,
EUR-Annual Swap Rate-10:00-BGCANTOR,,,,,,,,,
EUR-Annual Swap Rate-10:00-Bloomberg,,,,,,,,,
EUR-Annual Swap Rate-10:00-ICAP,,,,,,,,,
EUR-Annual Swap Rate-10:00-SwapMarker,,,,,,,,,
EUR-Annual Swap Rate-10:00-TRADITION,,,,,,,,,
EUR-Annual Swap Rate-11:00,,,,,,,,,
EUR-Annual Swap Rate-11:00-Bloomberg,,,,,,,,,
EUR-Annual Swap Rate-11:00-ICAP,,,,,,,,,
EUR-Annual Swap Rate-11:00-SwapMarker,,,,,,,,,
EUR-Annual Swap Rate-3 Month,,,,,,,,,
EUR-Annual Swap Rate-3 Month-SwapMarker,,,,,,,,,
EUR-Annual Swap Rate-4:15-TRADITION,,,,,,,,,
EUR-Annual Swap Rate-Reference Banks,,,,,,,,,
EUR-EURONIA-OIS-COMPOUND,,,,,,,,,
EUR-TAM-CDC,,,,,,,,,
EUR-TEC10-CNO,,,,,,,,,
EUR-TEC10-CNO-SwapMarker,,,,,,,,,
EUR-TEC10-Reference Banks,,,,,,,,,
EUR-TEC5-CNO,,,,,,,,,
EUR-TEC5-CNO-SwapMarker,,,,,,,,,
EUR-TEC5-Reference Banks,,,,,,,,,
EUR-TMM-CDC-COMPOUND,,,,,,,,,
EUR USD-Basis Swaps-11:00-ICAP,,,,,,,,,
GBP-ISDA-Swap Rate,,,,,,,,,
GBP-Semi-Annual Swap Rate,,,,,,,,,
GBP-Semi-Annual Swap Rate-11:00-ICAP,,,,,,,,,
GBP-Semi Annual Swap Rate-11:00-TRADITION,,,,,,,,,
GBP-Semi Annual Swap Rate-4:15-TRADITION,,,,,,,,,
GBP-Semi-Annual Swap Rate-Reference Banks,,,,,,,,,
GBP-Semi-Annual Swap Rate-SwapMarker26,,,,,,,,,
GBP USD-Basis Swaps-11:00-ICAP,,,,,,,,,
GBP-WMBA-RONIA-COMPOUND,,,,,,,,,
GRD-ATHIBOR-ATHIBOR,,,,,,,,,
GRD-ATHIBOR-Reference Banks,,,,,,,,,
GRD-ATHIBOR-Telerate,,,,,,,,,
GRD-ATHIMID-Reference Banks,,,,,,,,,
GRD-ATHIMID-Reuters,,,,,,,,,
HKD-HONIX-OIS-COMPOUND,,,,,,,,,
HKD-ISDA-Swap Rate-11:00,,,,,,,,,
HKD-ISDA-Swap Rate-4:00,,,,,,,,,
HKD-Quarterly-Annual Swap Rate-11:00-BGCANTOR,,,,,,,,,
HKD-Quarterly-Annual Swap Rate-11:00-TRADITION,,,,,,,,,
HKD-Quarterly-Annual Swap Rate-4:00-BGCANTOR,,,,,,,,,
HKD-Quarterly-Annual Swap Rate-Reference Banks,,,,,,,,,
HKD-Quarterly-Quarterly Swap Rate-11:00-ICAP,,,,,,,,,
HKD-Quarterly-Quarterly Swap Rate-4:00-ICAP,,,,,,,,,
HKD-Quarterly-Quarterly Swap Rate-Reference Banks,,,,,,,,,
IDR-IDMA-Bloomberg,,,,,,,,,
IDR-IDRFIX,,,,,,,,,
IDR-JIBOR-Reuters,,,,,,,,,
IDR-SBI-Reuters,,,,,,,,,
IDR-Semi-Annual Swap Rate-11:00-BGCANTOR,,,,,,,,,
IDR-Semi-Annual Swap Rate-Reference Banks,,,,,,,,,
ILS-TELBOR01-Reuters,,,,,,,,,
ILS-TELBOR-Reference Banks,,,,,,,,,
INR-BMK,,,,,,,,,
INR-CMT,,,,,,,,,
INR-FBIL-MIBOR-OIS-COMPOUND,,,,,,,,,
INR-INBMK-REUTERS,,,,,,,,,
INR-MIFOR,,,,,,,,,
INR-MIOIS,,,,,,,,,
INR-MITOR-OIS-COMPOUND,,,,,,,,,
INR-Reference Banks,,,,,,,,,
INR-Semi-Annual Swap Rate-11:30-BGCANTOR,,,,,,,,,
INR-Semi Annual Swap Rate-Non-deliverable-16:00-Tullett Prebon,,,,,,,,,
INR-Semi-Annual Swap Rate-Reference Banks,,,,,,,,,
ISK-REIBOR-Reference Banks,,,,,,,,,
ISK-REIBOR-Reuters,,,,,,,,,
JPY-Annual Swap Rate-11:00-TRADITION,,,,,,,,,
JPY-Annual Swap Rate-3:00-TRADITION,,,,,,,,,
JPY-BBSF-Bloomberg-10:00,,,,,,,,,
JPY-BBSF-Bloomberg-15:00,,,,,,,,,
JPY-ISDA-Swap Rate-10:00,,,,,,,,,
JPY-ISDA-Swap Rate-15:00,,,,,,,,,
JPY-LTPR-MHCB,,,,,,,,,
JPY-LTPR-TBC,,,,,,,,,
JPY-MUTANCALL-TONAR,,,,,,,,,
JPY-OIS-11:00-ICAP,,,,,,,,,
JPY-OIS-11:00-TRADITION,,,,,,,,,
JPY-OIS-3:00-TRADITION,,,,,,,,,
JPY-STPR-Quoting Banks,,,,,,,,,
JPY-TSR-Reference Banks,,,,,,,,,
JPY-TSR-Reuters-10:00,,,,,,,,,
JPY-TSR-Reuters-15:00,,,,,,,,,
JPY-TSR-Telerate-10:00,,,,,,,,,
JPY-TSR-Telerate-15:00,,,,,,,,,
JPY USD-Basis Swaps-11:00-ICAP,,,,,,,,,
KRW-Bond-3222,,,,,,,,,
KRW-CD-3220,,,,,,,,,
KRW-Quarterly Annual Swap Rate-3:30-ICAP,,,,,,,,,
MYR-Quarterly Swap Rate-11:00-TRADITION,,,,,,,,,
MYR-Quarterly Swap Rate-TRADITION-Reference Banks,,,,,,,,,
NZD-BBR-BID,,,,,,,,,
NZD-BBR-FRA,,,,,,,,,
NZD-BBR-ISDC,,,,,,,,,
NZD-BBR-Reference Banks,,,,,,,,,
NZD-BBR-Telerate,,,,,,,,,
NZD-NZIONA-OIS-COMPOUND,,,,,,,,,
NZD-Semi-Annual Swap Rate-11:00-BGCANTOR,,,,,,,,,
NZD-Semi-Annual Swap Rate-BGCANTOR-Reference Banks,,,,,,,,,
NZD-Swap Rate-ICAP,,,,,,,,,
NZD-Swap Rate-ICAP-Reference Banks,,,,,,,,,
PHP-PHIREF-BAP,,,,,,,,,
PHP-PHIREF-Bloomberg,,,,,,,,,
PHP-PHIREF-Reference Banks,,,,,,,,,
PHP-Semi-Annual Swap Rate-11:00-BGCANTOR,,,,,,,,,
PHP-Semi-Annual Swap Rate-Reference Banks,,,,,,,,,
REPOFUNDS RATE-FRANCE-OIS-COMPOUND,,,,,,,,,
REPOFUNDS RATE-GERMANY-OIS-COMPOUND,,,,,,,,,
REPOFUNDS RATE-ITALY-OIS-COMPOUND,,,,,,,,,
RON-Annual Swap Rate-11:00-BGCANTOR,,,,,,,,,
RON-Annual Swap Rate-Reference Banks,,,,,,,,,
RON-RBOR-Reuters,,,,,,,,,
RUB-Annual Swap Rate-11:00-BGCANTOR,,,,,,,,,
RUB-Annual Swap Rate-12:45-TRADITION,,,,,,,,,
RUB-Annual Swap Rate-4:15-TRADITION,,,,,,,,,
RUB-Annual Swap Rate-Reference Banks,,,,,,,,,
RUB-Annual Swap Rate-TRADITION-Reference Banks,,,,,,,,,
RUB-MOSPRIME-NFEA,,,,,,,,,
RUB-MOSPRIME-Reference Banks,,,,,,,,,
RUB-RUONIA-OIS-COMPOUND,,,,,,,,,
SAR-SRIOR-Reference Banks,,,,,,,,,
SAR-SRIOR-SUAA,,,,,,,,,
SEK-Annual Swap Rate,,,,,,,,,
SEK-Annual Swap Rate-SESWFI,,,,,,,,,
SGD-Semi-Annual Currency Basis Swap Rate-11:00-Tullett Prebon,,,,,,,,,
SGD-Semi-Annual Currency Basis Swap Rate-16:00-Tullett Prebon,,,,,,,,,
SGD-Semi-Annual Swap Rate-11:00-BGCANTOR,,,,,,,,,
SGD-Semi-Annual Swap Rate-11:00-Tullett Prebon,,,,,,,,,
SGD-Semi-Annual Swap Rate-11.00-TRADITION,,,,,,,,,
SGD-Semi-Annual Swap Rate-16:00-Tullett Prebon,,,,,,,,,
SGD-Semi-Annual Swap Rate-ICAP,,,,,,,,,
SGD-Semi-Annual Swap Rate-ICAP-Reference Banks,,,,,,,,,
SGD-Semi-Annual Swap Rate-Reference Banks,,,,,,,,,
SGD-Semi-Annual Swap Rate-TRADITION-Reference Banks,,,,,,,,,
SGD-SIBOR-Reference Banks,,,,,,,,,
SGD-SIBOR-Reuters,,,,,,,,,
SGD-SIBOR-Telerate,,,,,,,,,
SGD-SONAR-OIS-COMPOUND,,,,,,,,,
SGD-SONAR-OIS-VWAP-COMPOUND,,,,,,,,,
SKK-BRIBOR-Bloomberg,,,,,,,,,
SKK-BRIBOR-BRBO,,,,,,,,,
SKK-BRIBOR-NBSK07,,,,,,,,,
SKK-BRIBOR-Reference Banks,,,,,,,,,
THB-Semi-Annual Swap Rate-11:00-BGCANTOR,,,,,,,,,
THB-Semi-Annual Swap Rate-Reference Banks,,,,,,,,,
THB-THBFIX-Reference Banks,,,,,,,,,
THB-THBFIX-Reuters,,,,,,,,,
TRY Annual Swap Rate-11:00-TRADITION,,,,,,,,,
TRY-Annual Swap Rate-11:15-BGCANTOR,,,,,,,,,
TRY-Annual Swap Rate-Reference Banks,,,,,,,,,
TRY-Semi-Annual Swap Rate-TRADITION-Reference Banks,,,,,,,,,
TRY-TRYIBOR-Reference Banks,,,,,,,,,
TRY-TRYIBOR-Reuters,,,,,,,,,
TWD-Quarterly-Annual Swap Rate-11:00-BGCANTOR,,,,,,,,,
TWD-Quarterly-Annual Swap Rate-Reference Banks,,,,,,,,,
TWD-Reference Dealers,,,,,,,,,
TWD-Reuters-6165,,,,,,,,,
TWD-TAIBIR01,,,,,,,,,
TWD-TAIBIR02,,,,,,,,,
TWD-TAIBOR-Bloomberg,,,,,,,,,
TWD-TAIBOR-Reuters,,,,,,,,,
TWD-Telerate-6165,,,,,,,,,
TWD-TWCPBA,,,,,,,,,
USD-Annual Swap Rate-11:00-BGCANTOR,,,,,,,,,
USD-Annual Swap Rate-11:00-TRADITION,,,,,,,,,
USD-Annual Swap Rate-4:00-TRADITION,,,,,,,,,
USD-BA-H.15,,,,,,,,,
USD-BA-Reference Dealers,,,,,,,,,
USD-BMA Municipal Swap Index,,,,,,,,,
USD-CD-H.15,,,,,,,,,
USD-CD-Reference Dealers,,,,,,,,,
USD-CMS-Reference Banks,,,,,,,,,
USD-CMS-Reference Banks-ICAP SwapPX,,,,,,,,,
USD-CMS-Reuters,,,,,,,,,
USD-CMS-Telerate,,,,,,,,,
USD-CMT-T7051,,,,,,,,,
USD-CMT-T7052,,,,,,,,,
USD-COF11-FHLBSF,,,,,,,,,
USD-COF11-Reuters,,,,,,,,,
USD-COF11-Telerate,,,,,,,,,
USD-CP-H.15,,,,,,,,,
USD-CP-Reference Dealers,,,,,,,,,
USD-FFCB-DISCO,,,,,,,,,
USD-ISDAFIX3-Swap Rate,,,,,,,,,
USD-ISDAFIX3-Swap Rate-3:00,,,,,,,,,
USD-ISDA-Swap Rate,,,,,,,,,
USD-ISDA-Swap Rate-3:00,,,,,,,,,
USD-Municipal Swap Rate-11:00-ICAP,,,,,,,,,
USD-OIS-11:00-BGCANTOR,,,,,,,,,
USD-OIS-11:00-LON-ICAP,,,,,,,,,
USD-OIS-11:00-NY-ICAP,,,,,,,,,
USD-OIS-11:00-TRADITION,,,,,,,,,
USD-OIS-3:00-BGCANTOR,,,,,,,,,
USD-OIS-3:00-NY-ICAP,,,,,,,,,
USD-OIS-4:00-TRADITION,,,,,,,,,
USD-Overnight Bank Funding Rate,,,,,,,,,
USD-Prime-H.15,,,,,,,,,
USD-Prime-Reference Banks,,,,,,,,,
USD-S&P Index-High Grade,,,,,,,,,
USD-SIBOR-Reference Banks,,,,,,,,,
USD-SIBOR-SIBO,,,,,,,,,
USD-SIFMA Municipal Swap Index,,,,,,,,,
USD-TBILL-H.15,,,,,,,,,
USD-TBILL-H.15-Bloomberg,,,,,,,,,
USD-TBILL-Secondary Market,,,,,,,,,
USD-TIBOR-ISDC,,,,,,,,,
USD-TIBOR-Reference Banks,,,,,,,,,
USD-Treasury-19901-3:00-ICAP,,,,,,,,,
USD-Treasury Rate-ICAP BrokerTec,,,,,,,,,
USD-Treasury Rate-SwapMarker100,,,,,,,,,
USD-Treasury Rate-SwapMarker99,,,,,,,,,
USD-Treasury Rate-T19901,,,,,,,,,
USD-Treasury Rate-T500,,,,,,,,,
VND-Semi-Annual Swap Rate-11:00-BGCANTOR,,,,,,,,,
VND-Semi-Annual Swap Rate-Reference Banks,,,,,,,,,
ZAR-DEPOSIT-Reference Banks,,,,,,,,,
ZAR-DEPOSIT-SAFEX,,,,,,,,,
ZAR-PRIME-AVERAGE,,,,,,,,,
ZAR-PRIME-AVERAGE-Reference Banks,,,,,,,,,
ZAR-Quarterly Swap Rate-1:00-TRADITION,,,,,,,,,
ZAR-Quarterly Swap Rate-5:30-TRADITION,,,,,,,,,
ZAR-Quarterly Swap Rate-TRADITION-Reference Banks,,,,,,,,,
USD-3M LIBOR SWAP-CME vs LCH-ICAP,,,,,,,,,
USD-3M LIBOR SWAP-CME vs LCH-ICAP-Bloomberg,,,,,,,,,
USD-6M LIBOR SWAP-CME vs LCH-ICAP,,,,,,,,,
USD-6M LIBOR SWAP-CME vs LCH-ICAP-Bloomberg,,,,,,,,,
AUD-CPI,,,,,,,,,
AUS-CPI,,,,,,,,,
AUS-HICP,,,,,,,,,
BLG-CPI-GI,,,,,,,,,
BLG-CPI-HI,,,,,,,,,
BLG-HICP,,,,,,,,,
BRL-IGPM,,,,,,,,,
BRL-IPCA,,,,,,,,,
CAD-CPI,,,,,,,,,
CLP-CPI,,,,,,,,,
CNY-CPI,,,,,,,,,
CZK-CPI,,,,,,,,,
DEK-CPI,,,,,,,,,
DEK-HICP,,,,,,,,,
DEM-CPI,,,,,,,,,
DEM-CPI-NRW,,,,,,,,,
DEM-HICP,,,,,,,,,
ESP-CPI,,,,,,,,,
ESP-HICP,,,,,,,,,
ESP-R-CPI,,,,,,,,,
ESP-R-HICP,,,,,,,,,
EUR-AI-CPI,,,,,,,,,
EUR-AI-R-CPI,,,,,,,,,
FIN-CPI,,,,,,,,,
FIN-HICP,,,,,,,,,
GRD-CPI,,,,,,,,,
GRD-HICP,,,,,,,,,
HKD-CPI,,,,,,,,,
HUF-CPI,,,,,,,,,
IDR-CPI,,,,,,,,,
ILS-CPI,,,,,,,,,
IRL-CPI,,,,,,,,,
IRL-HICP,,,,,,,,,
ISK-CPI,,,,,,,,,
ISK-HICP,,,,,,,,,
ITL-BC-EXT-CPI,,,,,,,,,
ITL-BC-INT-CPI,,,,,,,,,
ITL-HICP,,,,,,,,,
ITL-WC-EXT-CPI,,,,,,,,,
ITL-WC-INT-CPI,,,,,,,,,
JPY-CPI-EXF,,,,,,,,,
KRW-CPI,,,,,,,,,
LUX-CPI,,,,,,,,,
LUX-HICP,,,,,,,,,
MXN-CPI,,,,,,,,,
MXN-UDI,,,,,,,,,
MYR-CPI,,,,,,,,,
NLG-CPI,,,,,,,,,
NLG-HICP,,,,,,,,,
NOK-CPI,,,,,,,,,
NZD-CPI,,,,,,,,,
PER-CPI,,,,,,,,,
PLN-CPI,,,,,,,,,
POR-CPI,,,,,,,,,
POR-HICP,,,,,,,,,
RUB-CPI,,,,,,,,,
SEK-CPI,,,,,,,,,
SGD-CPI,,,,,,,,,
SWF-CPI,,,,,,,,,
TRY-CPI,,,,,,,,,
TWD-CPI,,,,,,,,,
UK-HICP,,,,,,,,,
UK-RPIX,,,,,,,,,
ZAR-CPI,,,,,,,,,
ZAR-CPIX,,,,,,,,,
